use shopping;

INSERT INTO HORARIOS (idHorarios, horaEntrada, horaSaida, diaSemana) VALUES
(1, '10:00:00', '22:00:00', 'Segunda-feira'),
(2, '10:00:00', '22:00:00', 'Terça-feira'),
(3, '10:00:00', '22:00:00', 'Quarta-feira'),
(4, '10:00:00', '22:00:00', 'Quinta-feira'),
(5, '09:00:00', '23:55:00', 'Sexta-feira'),
(6, '08:00:00', '23:55:00', 'Sabado'),
(7, '08:00:00', '23:55:00', 'Domingo');

INSERT INTO SHOPPING (NIRE, horario, nome, endereco) VALUES
(1, 1, 'CampoMourao', 'Rua 001, Numero 101'),
(1, 2, 'CampoMourao', 'Rua 001, Numero 101'),
(1, 3, 'CampoMourao', 'Rua 001, Numero 101'),
(1, 4, 'CampoMourao', 'Rua 001, Numero 101'),
(1, 5, 'CampoMourao', 'Rua 001, Numero 101'),
(1, 6, 'CampoMourao', 'Rua 001, Numero 101'),
(1, 7, 'CampoMourao', 'Rua 001, Numero 101'),
(2, 2, 'Curitiba', 'Rua 002, Numero 102'),
(2, 3, 'Curitiba', 'Rua 002, Numero 102'),
(2, 4, 'Curitiba', 'Rua 002, Numero 102'),
(2, 5, 'Curitiba', 'Rua 002, Numero 102'),
(2, 6, 'Curitiba', 'Rua 002, Numero 102'),
(2, 7, 'Curitiba', 'Rua 002, Numero 102'),
(3, 5, 'Maringa', 'Rua 003, Numero 103'),
(3, 6, 'Maringa', 'Rua 003, Numero 103'),
(3, 7, 'Maringa', 'Rua 003, Numero 103'),
(4, 6, 'CampoMourao', 'Rua 004, Numero 104'),
(4, 7, 'CampoMourao', 'Rua 004, Numero 104'),
(5, 7, 'CampoMourao', 'Rua 005, Numero 105'),
(5, 6, 'CampoMourao', 'Rua 005, Numero 105'),
(5, 5, 'CampoMourao', 'Rua 005, Numero 105'),
(6, 6, 'CampoMourao', 'Rua 006, Numero 106'),
(6, 7, 'CampoMourao', 'Rua 006, Numero 106'),
(7, 6, 'PontaGrossa', 'Rua 007, Numero 107'),
(7, 7, 'PontaGrossa', 'Rua 007, Numero 107'),
(8, 6, 'PontaGrossa', 'Rua 008, Numero 108'),
(8, 7, 'PontaGrossa', 'Rua 008, Numero 108'),
(9, 6, 'Apucarana', 'Rua 009, Numero 109'),
(9, 7, 'Apucarana', 'Rua 009, Numero 109'),
(10, 6, 'Apucarana', 'Rua 010, Numero 110'),
(10, 7, 'Apucarana', 'Rua 010, Numero 110');

INSERT INTO FUNCIONARIOS (CPF, cargo, andar, nome) VALUES 
('11111111101', 'Gerente', 1, 'Breno'),
('11111111102', 'Adminstrador', 1, 'Manoel'),
('11111111103', 'Atendente', 1, 'Marcia'),
('11111111104', 'Caixa', 1, 'Raysa'),
('11111111105', 'Estoquista', 1, 'Bernardo'),
('11111111106', 'Segurança', 1, 'Diogo'),
('11111111107', 'Vendedor', 1, 'Mauro'),
('11111111108', 'Limpeza', 2, 'Emanuel'),
('11111111109', 'Limpeza', 2, 'Amanda'),
('11111111110', 'Cozinheira', 2, 'Paulo'),
('11111111111', 'Cozinheira', 2, 'Laura'),
('11111111112', 'Cozinheira', 2, 'Diego'),
('11111111113', 'Atendente', 2, 'Arthur'),
('11111111114', 'Atendente', 2, 'Lara');

INSERT INTO SHOPPING_FUNCIONARIOS (shopping, funcionario, salario) VALUES 
(1, '11111111101', 5200.0),
(1, '11111111102', 4200.0),
(1, '11111111103', 2000.0),
(1, '11111111104', 1900.5),
(2, '11111111105', 3300.0),
(3, '11111111106', 3200.0),
(7, '11111111107', 4100.0),
(7, '11111111108', 2300.0),
(10, '11111111109', 2300.0),
(10, '11111111110', 2175.0);

INSERT INTO ESTABELECIMENTOS (numeroDoBox, shopping, andar, nome) VALUES 
(1, 1, 1,'Magalu'),
(2, 2, 1, 'Renner'),
(3, 3, 1, 'Pull&Bear'),
(4, 4, 1, 'Primark'),
(5, 1, 1, 'CasasBahia'),
(6, 1, 1, 'LojasAmericanas'),
(7, 2, 1, 'Amazon'),
(8, 3, 1, 'Havan'),
(9, 4, 1, 'FarmáciaPagueMenos'),
(10, 5, 1, 'Riachuelo'),
(11, 6, 1, 'Hering'),
(12, 7, 1, 'CalvinKlein'),
(13, 2, 2, 'CasaDoQueijo'),
(14, 3, 2, 'ACabana'),
(15, 4, 2, 'BurgerKing'),
(16, 5, 2, 'McDonald'),
(17, 5, 2, 'Outback'),
(18, 6, 2, 'PizzaHut'),
(19, 6, 2, 'KFC'),
(20, 7, 2, 'ChinaInBox'),
(21, 7, 2, 'CACAUShow'),
(22, 8, 2, 'DunkinDonuts'),
(23, 8, 2, 'LoucosPorChurros'),
(24, 9, 2, 'AçaíExpress'),
(25, 9, 2, 'RissotoMix'),
(26, 10, 2, 'Subway'),
(27, 10, 2, 'SiriCascudo');

INSERT INTO LOJAS (numeroDoBox, nome, andar, faturamento) VALUES 
(1, 'Magalu', 1, 127000),
(2, 'CasasBahia', 1, 103000),
(3, 'Renner', 1, 79000),
(6, 'Pull&Bear', 1, 49000),
(7, 'Primark', 1, 51000),
(21, 'LojasAmericanas', 1, 127000),
(22, 'Amazon', 1, 103000),
(23, 'Havan', 1, 79000),
(24, 'FarmáciaPagueMenos', 1, 71000),
(25, 'Riachuelo', 1, 42000),
(26, 'Hering', 1, 111000),
(27, 'CalvinKlein', 1, 121000);

INSERT INTO PRODUTOS (codigoProduto, nome, modelo, marca) VALUES
(1, 'camisa', 'verão', 'renner'),
(2, 'dipirona', 'analgésico', 'genérico'),
(3, 'secador', 'potente', 'gamma'),
(4, 'maquina de lavar', '12kg', 'brastemp'),
(5, 'tv', '42 polegadas', 'LG'),
(6, 'computador', 'gamer', 'Asus Rog'),
(7, 'short', 'preto', 'Calvin klein'),
(8, 'cueca', 'box', 'calvin klein'),
(9, 'meia', 'longa', 'SportZone'),
(10, 'celular', 'smartphone', 'Samsung'),
(11, 'cama', 'queen', 'ortobom'),
(12, 'kindle', '7 polegadas', 'Amazon');

INSERT INTO PRODUTOS_LOJAS (loja, produto, estoque) VALUES
(3, 1, 3),
(6, 1, 4),
(7, 1, 100),
(25, 1, 123),
(26, 1, 321),
(27, 1, 221),
(24, 2, 241),
(1, 3, 32),
(2, 3, 42),
(21, 3, 32),
(22, 3, 7),
(23, 3, 8),
(1, 4, 9),
(2, 4, 1),
(21, 4, 5),
(22, 4, 6),
(23, 4, 7),
(1, 5, 9),
(2, 5, 623),
(21, 5, 52),
(22, 5, 62),
(23, 5, 64),
(1, 6, 31),
(2, 6, 612),
(21, 6, 41),
(22, 6, 621),
(23, 6, 931),
(1, 10, 52),
(2, 10, 672),
(21, 10, 32),
(22, 10, 512),
(23, 10, 932),
(1, 11, 102),
(2, 11, 21),
(21, 11, 42),
(22, 11, 21),
(23, 11, 42),
(1, 12, 76),
(2, 12, 65),
(21, 12, 93),
(22, 12, 73),
(23, 12, 51),
(3, 7, 4),
(6, 7, 4),
(7, 7, 4),
(25, 7, 5),
(26, 7, 6),
(27, 7, 7),
(3, 8, 7),
(6, 8, 8),
(7, 8, 1),
(25, 8, 3),
(26, 8, 4),
(27, 8, 6),
(3, 9, 7),
(6, 9, 8),
(7, 9, 11),
(25, 9, 123),
(26, 9, 83),
(27, 9, 2);

INSERT INTO FUNCIONARIOS_TRABALHAM_LOJAS (loja, funcionario, salario) VALUES
(1, '11111111101', 3250.0),
(2, '11111111102', 3750.0),
(3, '11111111103', 3100.0),
(6, '11111111104', 3125.0),
(7, '11111111105', 2250.0),
(21, '11111111106', 2750.0),
(22, '11111111107', 2950.0),
(23, '11111111108', 2350.0),
(24, '11111111113', 5250.0),
(25, '11111111114', 4750.0),
(26, '11111111102', 1350.0),
(27, '11111111101', 1750.0);

INSERT INTO CARDAPIOS (codigoCardapio, custo, nome) VALUES
(13, '11111111108', 'lanches'),
(14, '11111111109', 'bebidas'),
(15, '11111111110', 'entradas'),
(16, '11111111111', 'gourmet'),
(17, '11111111112', 'principal'),
(18, '11111111113', 'hamburguer'),
(19, '11111111114', 'petisco'),
(20, '11111111114', 'adicionais'),
(21, '11111111114', 'gelados'),
(22, '11111111114', 'porções'),
(23, '11111111114', 'fritos'),
(24, '11111111114', 'doces'),
(25, '11111111114', 'cremes'),
(26, '11111111114', 'pizza'),
(27, '11111111114', 'sobremesa');

INSERT INTO RESTAURANTES (numeroDoBox, codigoCardapio, nome, andar, faturamento) VALUES 
(4, 13, 'CasaDoQueijo', 2, 71000),
(4, 14, 'CasaDoQueijo', 2, 71000),
(4, 16, 'CasaDoQueijo', 2, 71000),
(5, 17, 'ACabana', 2, 42000),
(5, 14, 'ACabana', 2, 42000),
(5, 15, 'ACabana', 2, 42000),
(8, 18, 'BurgerKing', 2, 98000),
(8, 14, 'BurgerKing', 2, 98000),
(9, 18, 'McDonald', 2, 107000),
(10, 17, 'Outback', 2, 98000),
(11, 14, 'PizzaHut', 2, 98000),
(11, 26, 'PizzaHut', 2, 98000),
(12, 22, 'KFC', 2, 98000),
(13, 22, 'ChinaInBox', 2, 98000),
(14, 24, 'CACAUShow', 2, 98000),
(15, 18, 'DunkinDonuts', 2, 98000),
(16, 22, 'LoucosPorChurros', 2, 98000),
(17, 17, 'AçaíExpress', 2, 98000),
(18, 17, 'RissotoMix', 2, 98000),
(19, 18, 'Subway', 2, 98000),
(20, 18, 'SiriCascudo', 2, 98000);

INSERT INTO FUNCIONARIOS_TRABALHAM_RESTAURANTES (restaurante, funcionario, salario) VALUES
(4, '11111111108', 1945.0),
(5, '11111111109', 2350.0),
(8, '11111111110', 2735.0),
(9, '11111111111', 1355.0),
(10, '11111111112', 1990.0),
(11, '11111111113', 1975.0),
(12, '11111111114', 1915.0),
(13, '11111111114', 1925.0),
(14, '11111111114', 1337.0),
(15, '11111111114', 4291.0),
(16, '11111111114', 2610.0),
(17, '11111111114', 3000.0),
(18, '11111111114', 2500.0),
(19, '11111111114', 2650.0),
(20, '11111111114', 2995.5);

INSERT INTO VAGAS (idVaga, lugar, andar, detalhes) VALUES 
(1, 'Rua 001, Numero 101', -1, ''),
(2, 'Rua 001, Numero 101', -1, ''),
(3, 'Rua 001, Numero 101', -1, ''),
(4, 'Rua 001, Numero 101', -1, ''),
(5, 'Rua 001, Numero 101', -1, ''),
(11, 'Rua 002, Numero 102', -1, ''),
(12, 'Rua 002, Numero 102', -1, ''),
(13, 'Rua 002, Numero 102', -1, ''),
(14, 'Rua 002, Numero 102', -1, ''),
(15, 'Rua 002, Numero 102', -1, ''),
(21, 'Rua 003, Numero 103', -1, ''),
(22, 'Rua 003, Numero 103', -1, ''),
(23, 'Rua 003, Numero 103', -1, ''),
(24, 'Rua 003, Numero 103', -1, ''),
(25, 'Rua 003, Numero 103', -1, ''),
(31, 'Rua 004, Numero 104', -1, ''),
(32, 'Rua 004, Numero 104', -1, ''),
(33, 'Rua 004, Numero 104', -1, ''),
(34, 'Rua 004, Numero 104', -1, ''),
(35, 'Rua 004, Numero 104', -1, ''),
(41, 'Rua 005, Numero 105', -1, ''),
(42, 'Rua 005, Numero 105', -1, ''),
(43, 'Rua 005, Numero 105', -1, ''),
(44, 'Rua 005, Numero 105', -1, ''),
(45, 'Rua 005, Numero 105', -1, ''),
(56, 'Rua 006, Numero 106', -1, ''),
(57, 'Rua 007, Numero 107', -1, ''),
(58, 'Rua 008, Numero 108', -1, ''),
(59, 'Rua 009, Numero 109', -1, ''),
(100, 'Rua 010, Numero 110', -1, '');

INSERT INTO CLIENTES (CPF, RG, idade, nome, numeroVaga) VALUES 
('11111111101', '1234001', 30, 'Karen', 1),
('11111111102', '1234002', 60, 'Paulo', 2),
('11111111103', '1234003', 16, 'Laura', 3),
('11111111104', '1234004', 33, 'Diego', 4),
('11111111105', '1234005', 35, 'Lucas', 5),
('11111111106', '1234006', 26, 'Leonardo', 11),
('11111111107', '1234007', 24, 'Lucas', 12),
('11111111108', '1234008', 27, 'Nicolas', 13),
('11111111109', '1234009', 27, 'Ley', 14),
('11111111110', '1234010', 52, 'Miguel', 15),
('11111111111', '1234011', 30, 'Arthur', 21),
('11111111112', '1234012', 60, 'Heitor', 22),
('11111111113', '1234013', 16, 'Helena', 23),
('11111111114', '1234014', 33, 'Alice', 24),
('11111111115', '1234015', 35, 'Theo', 25),
('11111111116', '1234016', 26, 'Davi', 31),
('11111111117', '1234017', 24, 'Gabriel', 32),
('11111111118', '1234018', 27, 'Gael', 33),
('11111111119', '1234019', 27, 'Samuel', 34),
('11111111120', '1234020', 28, 'Bernardo', 35),
('11111111121', '1234021', 28, 'Valentina', 41),
('11111111122', '1234022', 60, 'Enzo', 42),
('11111111123', '1234023', 16, 'Heloísa', 43),
('11111111124', '1234024', 33, 'Pedro', 44),
('11111111125', '1234025', 35, 'Lorenzo', 45),
('11111111126', '1234026', 26, 'Sophia', 56),
('11111111127', '1234027', 24, 'Maria ', 57),
('11111111128', '1234028', 27, 'Júlia', 58),
('11111111129', '1234029', 27, 'Clara', 59),
('11111111130', '1234030', 28, 'Eduarda', 100),
('11111111131', '1234031', 30, 'Karen', NULL),
('11111111132', '1234032', 60, 'Guilherme', NULL),
('11111111133', '1234033', 16, 'Lucas', NULL),
('11111111134', '1234034', 33, 'Manuela', NULL),
('11111111135', '1234035', 35, 'Lucas', NULL),
('11111111136', '1234036', 26, 'Leonardo', NULL),
('11111111137', '1234037', 24, 'Lucas', NULL),
('11111111138', '1234038', 27, 'Cecília', NULL),
('11111111139', '1234039', 27, 'Benício', NULL),
('11111111140', '1234040', 28, 'Maria', NULL),
('11111111141', '1234041', 30, 'Maria', NULL),
('11111111142', '1234042', 60, 'Paulo', NULL),
('11111111143', '1234043', 16, 'Laura', NULL),
('11111111144', '1234044', 33, 'Diego', NULL),
('11111111145', '1234045', 35, 'Júlia', NULL),
('11111111146', '1234046', 26, 'Arthur', NULL),
('11111111147', '1234047', 24, 'Lucas', NULL),
('11111111148', '1234048', 27, 'Levi', NULL),
('11111111149', '1234049', 27, 'Pedro', NULL),
('11111111150', '1234050', 28, 'Isabella', NULL),
('11111111151', '1234051', 30, 'Maria', NULL),
('11111111152', '1234052', 60, 'Paulo', NULL),
('11111111153', '1234053', 16, 'Laura', NULL),
('11111111154', '1234054', 33, 'Diego', NULL),
('11111111155', '1234055', 35, 'Júlia', NULL),
('11111111156', '1234056', 26, 'Arthur', NULL),
('11111111157', '1234057', 24, 'Lucas', NULL),
('11111111158', '1234058', 27, 'Levi', NULL),
('11111111159', '1234059', 27, 'Pedro', NULL),
('11111111160', '1234060', 28, 'Isabella', NULL),
('11111111161', '1234061', 30, 'Maria', NULL),
('11111111162', '1234062', 60, 'Paulo', NULL),
('11111111163', '1234063', 16, 'Laura', NULL),
('11111111164', '1234064', 33, 'Diego', NULL),
('11111111165', '1234065', 35, 'Júlia', NULL),
('11111111166', '1234066', 26, 'Arthur', NULL),
('11111111167', '1234067', 24, 'Lucas', NULL),
('11111111168', '1234068', 27, 'Levi', NULL),
('11111111169', '1234069', 27, 'Pedro', NULL),
('11111111170', '1234070', 28, 'Isabella', NULL),
('11111111171', '1234071', 30, 'Maria', NULL),
('11111111172', '1234072', 60, 'Paulo', NULL),
('11111111173', '1234073', 16, 'Laura', NULL),
('11111111174', '1234074', 33, 'Diego', NULL),
('11111111175', '1234075', 35, 'Júlia', NULL),
('11111111176', '1234076', 26, 'Arthur', NULL),
('11111111177', '1234077', 24, 'Lucas', NULL),
('11111111178', '1234078', 27, 'Levi', NULL),
('11111111179', '1234079', 27, 'Pedro', NULL),
('11111111180', '1234080', 28, 'Isabella', NULL),
('11111111181', '1234081', 30, 'Maria', NULL),
('11111111182', '1234082', 60, 'Paulo', NULL),
('11111111183', '1234083', 16, 'Laura', NULL),
('11111111184', '1234084', 33, 'Diego', NULL),
('11111111185', '1234085', 35, 'Júlia', NULL),
('11111111186', '1234086', 26, 'Arthur', NULL),
('11111111187', '1234087', 24, 'Lucas', NULL),
('11111111188', '1234088', 27, 'Levi', NULL),
('11111111189', '1234089', 27, 'Pedro', NULL),
('11111111190', '1234090', 28, 'Isabella', NULL),
('11111111191', '1234091', 30, 'Maria', NULL),
('11111111192', '1234092', 60, 'Paulo', NULL),
('11111111193', '1234093', 16, 'Laura', NULL),
('11111111194', '1234094', 33, 'Diego', NULL),
('11111111195', '1234095', 35, 'Júlia', NULL),
('11111111196', '1234096', 26, 'Arthur', NULL),
('11111111197', '1234097', 24, 'Lucas', NULL),
('11111111198', '1234098', 27, 'Levi', NULL),
('11111111199', '1234099', 27, 'Pedro', NULL),
('1111111100', '1234100', 28, 'Isabella', NULL);

INSERT INTO CLIENTES_VAGAS (cliente, vaga, status) VALUES 
('11111111101', 1, 'Ativo'),
('11111111101', 2, 'Ativo'),
('11111111103', 3, 'Ativo'),
('11111111104', 4, 'Ativo'),
('11111111105', 5, 'Ativo'),
('11111111111', 1, 'Ativo'),
('11111111112', 2, 'Ativo'),
('11111111113', 3, 'Ativo'),
('11111111114', 4, 'Ativo'),
('11111111115', 5, 'Ativo');

INSERT INTO SHOPPING_CLIENTES (shopping, cliente) VALUES 
(1, '11111111101'),
(1, '11111111102'),
(1, '11111111103'),
(1, '11111111104'),
(1, '11111111105'),
(1, '11111111106'),
(1, '11111111107'),
(1, '11111111108'),
(1, '11111111109'),
(1, '11111111110'),
(2, '11111111111'),
(2, '11111111112'),
(2, '11111111113'),
(2, '11111111114'),
(2, '11111111115'),
(2, '11111111116'),
(2, '11111111117'),
(2, '11111111118'),
(2, '11111111119'),
(2, '11111111120'),
(3, '11111111121'),
(3, '11111111122'),
(3, '11111111123'),
(3, '11111111124'),
(3, '11111111125'),
(3, '11111111126'),
(3, '11111111127'),
(3, '11111111128'),
(3, '11111111129'),
(3, '11111111130'),
(4, '11111111131'),
(4, '11111111132'),
(4, '11111111133'),
(4, '11111111134'),
(4, '11111111135'),
(4, '11111111136'),
(4, '11111111137'),
(4, '11111111138'),
(4, '11111111139'),
(4, '11111111140'),
(5, '11111111141'),
(5, '11111111142'),
(5, '11111111143'),
(5, '11111111144'),
(5, '11111111145'),
(5, '11111111146'),
(5, '11111111147'),
(5, '11111111148'),
(5, '11111111149'),
(5, '11111111150'),
(6, '11111111151'),
(6, '11111111152'),
(6, '11111111153'),
(6, '11111111154'),
(6, '11111111155'),
(6, '11111111156'),
(6, '11111111157'),
(6, '11111111158'),
(6, '11111111159'),
(6, '11111111160'),
(7, '11111111161'),
(7, '11111111162'),
(7, '11111111163'),
(7, '11111111164'),
(7, '11111111165'),
(7, '11111111166'),
(7, '11111111167'),
(7, '11111111168'),
(7, '11111111169'),
(7, '11111111170'),
(8, '11111111171'),
(8, '11111111172'),
(8, '11111111173'),
(8, '11111111174'),
(8, '11111111175'),
(8, '11111111176'),
(8, '11111111177'),
(8, '11111111178'),
(8, '11111111179'),
(8, '11111111180'),
(9, '11111111181'),
(9, '11111111182'),
(9, '11111111183'),
(9, '11111111184'),
(9, '11111111185'),
(9, '11111111186'),
(9, '11111111187'),
(9, '11111111188'),
(9, '11111111189'),
(9, '11111111190'),
(10, '11111111190'),
(10, '11111111191'),
(10, '11111111192'),
(10, '11111111193'),
(10, '11111111194'),
(10, '11111111195'),
(10, '11111111196'),
(10, '11111111197'),
(10, '11111111198'),
(10, '11111111199'),
(10, '1111111100');

INSERT INTO RESTAURANTE_CLIENTES (restaurante, cliente) VALUES 
(4, '11111111101'),
(5, '11111111101'),
(8, '11111111101'),
(9, '11111111101'),
(10, '11111111102'),
(11, '11111111102'),
(12, '11111111103'),
(13, '11111111103'),
(14, '11111111103'),
(15, '11111111103'),
(16, '11111111103'),
(17, '11111111103'),
(18, '11111111104'),
(19, '11111111104'),
(20, '11111111104'),
(4, '11111111105'),
(5, '11111111105'),
(8, '11111111106'),
(9, '11111111106'),
(10, '11111111106'),
(11, '11111111107'),
(12, '11111111108'),
(13, '11111111109'),
(14, '11111111110'),
(15, '11111111147'),
(16, '11111111148'),
(17, '11111111149'),
(18, '11111111150'),
(19, '11111111151'),
(20, '11111111152'),
(4, '11111111153'),
(5, '11111111154'),
(8, '11111111155'),
(9, '11111111156'),
(10, '11111111157'),
(11, '11111111158'),
(12, '11111111159'),
(13, '11111111160'),
(14, '11111111161'),
(15, '11111111162'),
(16, '11111111163'),
(17, '11111111164'),
(18, '11111111165'),
(19, '11111111166'),
(20, '11111111167'),
(4, '11111111168'),
(5, '11111111169'),
(8, '11111111170'),
(9, '11111111171'),
(10, '11111111172'),
(11, '11111111173'),
(12, '11111111174'),
(13, '11111111175'),
(14, '11111111176');

INSERT INTO LOJAS_CLIENTES (loja, cliente) VALUES 
(1, '11111111101'),
(2, '11111111101'),
(3, '11111111101'),
(6, '11111111101'),
(7, '11111111102'),
(21, '11111111102'),
(22, '11111111103'),
(23, '11111111103'),
(24, '11111111103'),
(25, '11111111103'),
(26, '11111111103'),
(27, '11111111103'),
(1, '11111111104'),
(2, '11111111104'),
(3, '11111111104'),
(6, '11111111105'),
(7, '11111111105'),
(21, '11111111106'),
(22, '11111111106'),
(23, '11111111106'),
(24, '11111111106'),
(25, '11111111107'),
(26, '11111111108'),
(27, '11111111109'),
(1, '11111111110'),
(2, '11111111173'),
(3, '11111111174'),
(6, '11111111175'),
(7, '11111111176'),
(21, '11111111177'),
(22, '11111111178'),
(23, '11111111179'),
(24, '11111111180'),
(25, '11111111181'),
(26, '11111111182'),
(27, '11111111183'),
(1, '11111111184'),
(2, '11111111185'),
(3, '11111111186'),
(6, '11111111187'),
(7, '11111111188'),
(21, '11111111189'),
(22, '11111111190'),
(23, '11111111190'),
(24, '11111111191'),
(25, '11111111192'),
(26, '11111111193'),
(27, '11111111194'),
(1, '11111111195'),
(2, '11111111196'),
(3, '11111111197'),
(6, '11111111198');

INSERT INTO ESTACIONAMENTOS (edificio, tipo, custo, idVaga) VALUES 
(1, 'Carro', 3.0, 1),
(2, 'Carro', 3.0, 2),
(3, 'Moto', 3.0, 3),
(4, 'Deficientes', 3.0, 4),
(5, 'Idoso', 3.0, 5),
(6, 'Carro', 2.0, 11),
(7, 'Carro', 2.0, 12),
(8, 'Moto', 2.0, 13),
(9, 'Deficientes', 1.0, 14),
(10, 'Idoso', 1.0, 15);